,pVal,betasH,betasL,betasH_error,betasL_error
0,0.0,-0.038565167187469926,0.013488594820452553,0.014129611481649615,0.014831782527329512
1,0.0,-0.032962352053349804,0.007129434687684309,0.013095883244144995,0.020897841719325433
2,0.0,-0.04475873569470103,0.024135116758646227,0.016208946849579756,0.022304627078316264
3,0.0,-0.05565871857806791,0.04215561696785188,0.015395930993761686,0.016588814270478508
4,0.0,-0.012588999973099868,0.023855690160287928,0.017584317405556896,0.0184924634658585
5,0.6,-0.016466738469512784,-0.002893644511364959,0.021694227539411526,0.01571125967231242
6,0.8,-0.008637112348513219,-0.015138265787465664,0.023165117682313396,0.020514418445788496
7,0.9,-0.03650481796888351,-0.030243531549515784,0.024704208146823704,0.020251578615288902
8,1.0,-0.016901257564697517,-0.012902000156577324,0.024001279124858253,0.01701841538860163
9,0.1,-0.032084550141368746,0.01667824156699959,0.026327247045450534,0.019963453477177675
